{
  "experiment": "adaptive_lambda",
  "n_trials": 10,
  "n_iterations": 1000,
  "best_config": "fixed_0.25",
  "fixed_0.0_si_mean": 0.4970133469567227,
  "fixed_0.0_si_std": 0.06179207666987465,
  "fixed_0.0_reward_mean": 183.1724325408332,
  "fixed_0.0_reward_std": 28.569456461895555,
  "fixed_0.25_si_mean": 0.8450358852754087,
  "fixed_0.25_si_std": 0.0320231419648085,
  "fixed_0.25_reward_mean": 137.68252978050407,
  "fixed_0.25_reward_std": 29.57630727819089,
  "fixed_0.5_si_mean": 0.863879748214775,
  "fixed_0.5_si_std": 0.01208155564226022,
  "fixed_0.5_reward_mean": 108.81527304747513,
  "fixed_0.5_reward_std": 23.22095911639912,
  "adaptive_linear_si_mean": 0.8400142546154343,
  "adaptive_linear_si_std": 0.02806871444267555,
  "adaptive_linear_reward_mean": 126.93758497840436,
  "adaptive_linear_reward_std": 23.354299101832662,
  "adaptive_cosine_si_mean": 0.8330716472864657,
  "adaptive_cosine_si_std": 0.03720109615235424,
  "adaptive_cosine_reward_mean": 125.85890250724881,
  "adaptive_cosine_reward_std": 26.03265015883938,
  "adaptive_step_si_mean": 0.833922366427785,
  "adaptive_step_si_std": 0.030933198265547426,
  "adaptive_step_reward_mean": 124.32616841930341,
  "adaptive_step_reward_std": 24.84151052220894
}