{
  "crypto": {
    "volatile": {
      "iql": {
        "reward_mean": 0.7816055589738273,
        "reward_std": 0.02773828100455599,
        "si_mean": 0.008177700566474502
      },
      "vdn": {
        "reward_mean": 0.7396351865909379,
        "reward_std": 0.04753221340408075,
        "si_mean": 0.008938240645232836
      },
      "qmix": {
        "reward_mean": 0.7363445820785248,
        "reward_std": 0.05421437004875066,
        "si_mean": 0.00909993297802563
      },
      "mappo": {
        "reward_mean": 0.7545640705063705,
        "reward_std": 0.04216678389816609,
        "si_mean": 3.233705483940419e-10
      },
      "niche": {
        "reward_mean": 0.8375695862189831,
        "reward_std": 0.005293560395081763,
        "si_mean": 0.8544223587056032
      }
    }
  },
  "weather": {
    "extreme": {
      "iql": {
        "reward_mean": 0.9362006438087395,
        "reward_std": 0.03939560815619773,
        "si_mean": 0.0161150849646182
      },
      "vdn": {
        "reward_mean": 0.9182853944268476,
        "reward_std": 0.03890592793573963,
        "si_mean": 0.014806540941714099
      },
      "qmix": {
        "reward_mean": 0.9098788475125961,
        "reward_std": 0.04418839194755423,
        "si_mean": 0.014397389074618645
      },
      "mappo": {
        "reward_mean": 0.9079045003002604,
        "reward_std": 0.03980010529490687,
        "si_mean": 3.2337054423070553e-10
      },
      "niche": {
        "reward_mean": 0.9900281115761393,
        "reward_std": 0.007649780901081123,
        "si_mean": 0.870388593565061
      }
    }
  },
  "commodities": {
    "volatile": {
      "iql": {
        "reward_mean": 0.7780687702864542,
        "reward_std": 0.023098628483244968,
        "si_mean": 0.006821526814079479
      },
      "vdn": {
        "reward_mean": 0.7457718794610184,
        "reward_std": 0.03938766206579942,
        "si_mean": 0.0071501144312688305
      },
      "qmix": {
        "reward_mean": 0.7421752535686853,
        "reward_std": 0.039283024986963455,
        "si_mean": 0.007227849607917165
      },
      "mappo": {
        "reward_mean": 0.7534082250373694,
        "reward_std": 0.04004401734431801,
        "si_mean": 3.233705483940419e-10
      },
      "niche": {
        "reward_mean": 0.8357814929969984,
        "reward_std": 0.009440806698456716,
        "si_mean": 0.8623958372985427
      }
    }
  },
  "traffic": {
    "morning_rush": {
      "iql": {
        "reward_mean": 1.0380122107202427,
        "reward_std": 0.028623548337116205,
        "si_mean": 0.01111385257667536
      },
      "vdn": {
        "reward_mean": 0.9770099853442312,
        "reward_std": 0.05371160206984412,
        "si_mean": 0.01085167185843006
      },
      "qmix": {
        "reward_mean": 0.9698093471866563,
        "reward_std": 0.05890198695662129,
        "si_mean": 0.011021297177369176
      },
      "mappo": {
        "reward_mean": 0.9919803521916007,
        "reward_std": 0.0528200237237322,
        "si_mean": 3.7169035627115933e-10
      },
      "niche": {
        "reward_mean": 1.0909642993780053,
        "reward_std": 0.004481316251897864,
        "si_mean": 0.7759315476432764
      }
    },
    "evening_rush": {
      "iql": {
        "reward_mean": 0.9824744286802114,
        "reward_std": 0.03148519173782822,
        "si_mean": 0.01111385257667536
      },
      "vdn": {
        "reward_mean": 0.9606017608011423,
        "reward_std": 0.04063812121116264,
        "si_mean": 0.01085167185843006
      },
      "qmix": {
        "reward_mean": 0.9586597365742705,
        "reward_std": 0.03371754319258998,
        "si_mean": 0.011021297177369176
      },
      "mappo": {
        "reward_mean": 0.9551671003308242,
        "reward_std": 0.04007751732820576,
        "si_mean": 3.7169035627115933e-10
      },
      "niche": {
        "reward_mean": 1.0401685089694253,
        "reward_std": 0.006030146220144949,
        "si_mean": 0.7759315476432764
      }
    },
    "transition": {
      "iql": {
        "reward_mean": 0.8676815376170259,
        "reward_std": 0.025518726560021417,
        "si_mean": 0.01111385257667536
      },
      "vdn": {
        "reward_mean": 0.8590372702884682,
        "reward_std": 0.029663740594298493,
        "si_mean": 0.01085167185843006
      },
      "qmix": {
        "reward_mean": 0.8542890714522823,
        "reward_std": 0.040627023915131046,
        "si_mean": 0.011021297177369176
      },
      "mappo": {
        "reward_mean": 0.8772483128243478,
        "reward_std": 0.015160125842109537,
        "si_mean": 3.7169035627115933e-10
      },
      "niche": {
        "reward_mean": 0.9395482807666884,
        "reward_std": 0.0070056507898509125,
        "si_mean": 0.7759315476432764
      }
    }
  }
}