{
  "IQL": {
    "si_mean": 0.8090382240243862,
    "si_std": 0.12101969244140974
  },
  "QMIX": {
    "si_mean": 0.8090382240243862,
    "si_std": 0.12101969244140974
  },
  "MAPPO": {
    "si_mean": 0.8090382240243862,
    "si_std": 0.12101969244140974
  },
  "QD": {
    "si_mean": 0.013933261194857948,
    "si_std": 0.0036900072693253736
  }
}