{
  "0.05": {
    "si_mean": 0.8567709890969242,
    "si_std": 0.014228292825048467,
    "reward_mean": 126.53724898426105,
    "reward_std": 20.638587374964075
  },
  "0.1": {
    "si_mean": 0.8645407870667234,
    "si_std": 0.01362296243839465,
    "reward_mean": 113.0114744286293,
    "reward_std": 24.934363692594104
  },
  "0.15": {
    "si_mean": 0.8432977297175046,
    "si_std": 0.03970705699384204,
    "reward_mean": 127.7470900567185,
    "reward_std": 24.892575928116894
  },
  "0.2": {
    "si_mean": 0.8535846884920353,
    "si_std": 0.016322344896733315,
    "reward_mean": 124.65829182602997,
    "reward_std": 20.424354746848
  },
  "0.25": {
    "si_mean": 0.8573617356649871,
    "si_std": 0.02201489327049995,
    "reward_mean": 114.36595575062442,
    "reward_std": 19.785759653550194
  },
  "0.3": {
    "si_mean": 0.8190708732482394,
    "si_std": 0.06297047706128535,
    "reward_mean": 114.58781423150575,
    "reward_std": 30.080856560470718
  }
}