{
  "4": {
    "si_mean": 0.8600105695373758,
    "si_std": 0.023191753490206423,
    "reward_mean": 91.43749109125442,
    "reward_std": 17.677718457991165,
    "coverage_mean": 1.0
  },
  "6": {
    "si_mean": 0.8507118352624701,
    "si_std": 0.04497369516530452,
    "reward_mean": 94.67734856634283,
    "reward_std": 16.719277562753334,
    "coverage_mean": 1.0
  },
  "8": {
    "si_mean": 0.8574499044809739,
    "si_std": 0.02528372394672337,
    "reward_mean": 104.27106997745406,
    "reward_std": 17.515215483751504,
    "coverage_mean": 1.0
  },
  "10": {
    "si_mean": 0.8392641424333952,
    "si_std": 0.05381388357554814,
    "reward_mean": 109.75355676200058,
    "reward_std": 20.86714422671235,
    "coverage_mean": 1.0
  },
  "12": {
    "si_mean": 0.8597924879278468,
    "si_std": 0.011768612039936649,
    "reward_mean": 115.55973172399524,
    "reward_std": 21.747299242571884,
    "coverage_mean": 1.0
  }
}