{
  "regime_durations": [
    10,
    20,
    50,
    100,
    200,
    500
  ],
  "dur_10_si_mean": 0.8692559816911689,
  "dur_10_si_std": 0.022793193866009486,
  "dur_10_diverse_mean": 115.2239077326157,
  "dur_10_homo_mean": 105.87557182215747,
  "dur_10_regime_changes": 70.8,
  "dur_10_specialist_win_rate": 0.9810000000000001,
  "dur_20_si_mean": 0.8610883113093266,
  "dur_20_si_std": 0.020525987507323006,
  "dur_20_diverse_mean": 118.35084961717959,
  "dur_20_homo_mean": 103.05634744177573,
  "dur_20_regime_changes": 38.5,
  "dur_20_specialist_win_rate": 0.9771000000000001,
  "dur_50_si_mean": 0.8506811549601633,
  "dur_50_si_std": 0.02871503248873071,
  "dur_50_diverse_mean": 118.33602135341042,
  "dur_50_homo_mean": 102.3980282987401,
  "dur_50_regime_changes": 15.3,
  "dur_50_specialist_win_rate": 0.9749000000000001,
  "dur_100_si_mean": 0.8340573252044436,
  "dur_100_si_std": 0.03987812274725959,
  "dur_100_diverse_mean": 115.57379194929577,
  "dur_100_homo_mean": 103.29800741917265,
  "dur_100_regime_changes": 7.7,
  "dur_100_specialist_win_rate": 0.9654,
  "dur_200_si_mean": 0.7639109573558166,
  "dur_200_si_std": 0.12247383702596593,
  "dur_200_diverse_mean": 103.72294485123655,
  "dur_200_homo_mean": 100.5963164966656,
  "dur_200_regime_changes": 3.7,
  "dur_200_specialist_win_rate": 0.9629,
  "dur_500_si_mean": 0.5293622059202783,
  "dur_500_si_std": 0.1326798029907447,
  "dur_500_diverse_mean": 106.48987460581063,
  "dur_500_homo_mean": 106.80305262569031,
  "dur_500_regime_changes": 1.2,
  "dur_500_specialist_win_rate": 0.9553,
  "correlation_duration_si": -0.8471236807398477
}