{
  "timestamp": "2025-12-22T22:45:31.703680",
  "domains": {
    "air_quality": {
      "domain": "air_quality",
      "si_mean": 0.49134507876474653,
      "si_std": 0.018426889104085832,
      "improvement_mean": -11.166748608173044,
      "improvement_std": 0.26608594856522627,
      "n_trials": 30,
      "n_regimes": 4,
      "regime_distribution": {
        "unhealthy_sensitive": 0.0038461538461538464,
        "unhealthy": 0.009890109890109891,
        "good": 0.04835164835164837,
        "moderate": 0.937912087912088
      },
      "verdict": "appendix"
    },
    "wikipedia": {
      "domain": "wikipedia",
      "si_mean": 0.5443015698455795,
      "si_std": 0.011162891407582786,
      "improvement_mean": -3.4571736774999016,
      "improvement_std": 0.198382370109925,
      "n_trials": 30,
      "n_regimes": 4,
      "regime_distribution": {
        "viral": 0.008241758241758242,
        "declining": 0.14945054945054947,
        "normal": 0.8351648351648353,
        "trending": 0.0071428571428571435
      },
      "verdict": "appendix"
    },
    "solar": {
      "domain": "solar",
      "si_mean": 0.855572093674264,
      "si_std": 0.03988995101569244,
      "improvement_mean": 10.97914353678585,
      "improvement_std": 1.1806737797155762,
      "n_trials": 30,
      "n_regimes": 3,
      "regime_distribution": {
        "overcast": 0.051850000000000014,
        "clear": 0.7512500000000001,
        "partly_cloudy": 0.1969
      },
      "verdict": "include"
    },
    "water": {
      "domain": "water",
      "si_mean": 0.763189733060684,
      "si_std": 0.031722509220328196,
      "improvement_mean": -3.837494401384541,
      "improvement_std": 0.5214924957717075,
      "n_trials": 30,
      "n_regimes": 5,
      "regime_distribution": {
        "flood": 0.05116796440489434,
        "high_flow": 0.20300333704115678,
        "below_normal": 0.14627363737486093,
        "normal": 0.5005561735261402,
        "low_flow": 0.09899888765294768
      },
      "verdict": "appendix"
    },
    "commodities": {
      "domain": "commodities",
      "si_mean": 0.8416585831764092,
      "si_std": 0.035210486529923826,
      "improvement_mean": 20.55014843502207,
      "improvement_std": 0.5350305712628307,
      "n_trials": 30,
      "n_regimes": 5,
      "regime_distribution": {
        "bear": 0.25978333333333337,
        "sideways": 0.09171666666666665,
        "bull": 0.05278333333333332,
        "volatile": 0.5955166666666668,
        "normal": 0.0002
      },
      "verdict": "include"
    }
  },
  "summary": {
    "total_domains": 5,
    "included": 2,
    "appendix": 3,
    "excluded": 0
  }
}