{
  "experiment": "tradeoff_analysis",
  "n_trials": 10,
  "n_iterations": 1000,
  "lambda_values": [
    0.0,
    0.05,
    0.1,
    0.15,
    0.2,
    0.25,
    0.3,
    0.4,
    0.5,
    0.75,
    1.0
  ],
  "pareto_optimal": [
    0.0,
    0.05,
    0.1,
    0.15,
    0.2,
    0.25,
    0.3,
    0.4,
    0.5
  ],
  "optimal_lambda": 0.05,
  "lambda_0.0_si_mean": 0.4900541883310505,
  "lambda_0.0_si_std": 0.06750784334049671,
  "lambda_0.0_reward_mean": 184.15027304370886,
  "lambda_0.0_reward_std": 27.979444042329874,
  "lambda_0.0_diversity": 0.7,
  "lambda_0.05_si_mean": 0.7654818457433359,
  "lambda_0.05_si_std": 0.046163746991632046,
  "lambda_0.05_reward_mean": 183.83280471843543,
  "lambda_0.05_reward_std": 28.57596749856943,
  "lambda_0.05_diversity": 1.0,
  "lambda_0.1_si_mean": 0.8233260167769163,
  "lambda_0.1_si_std": 0.03457949193675132,
  "lambda_0.1_reward_mean": 172.91871833828202,
  "lambda_0.1_reward_std": 27.69202598603915,
  "lambda_0.1_diversity": 1.0,
  "lambda_0.15_si_mean": 0.8345928763697426,
  "lambda_0.15_si_std": 0.02036486427724843,
  "lambda_0.15_reward_mean": 160.21621528895395,
  "lambda_0.15_reward_std": 28.196632658774316,
  "lambda_0.15_diversity": 1.0,
  "lambda_0.2_si_mean": 0.8371744625894637,
  "lambda_0.2_si_std": 0.032230501323938954,
  "lambda_0.2_reward_mean": 152.45862185435152,
  "lambda_0.2_reward_std": 27.42909441719441,
  "lambda_0.2_diversity": 1.0,
  "lambda_0.25_si_mean": 0.8476761977198374,
  "lambda_0.25_si_std": 0.03208011283734897,
  "lambda_0.25_reward_mean": 138.76883363064616,
  "lambda_0.25_reward_std": 28.81756258480913,
  "lambda_0.25_diversity": 1.0,
  "lambda_0.3_si_mean": 0.8507151216889776,
  "lambda_0.3_si_std": 0.03449006034388965,
  "lambda_0.3_reward_mean": 129.73268522354186,
  "lambda_0.3_reward_std": 28.671345637169775,
  "lambda_0.3_diversity": 1.0,
  "lambda_0.4_si_mean": 0.8550020970829966,
  "lambda_0.4_si_std": 0.03001048341452835,
  "lambda_0.4_reward_mean": 124.37544787264831,
  "lambda_0.4_reward_std": 20.653149802982714,
  "lambda_0.4_diversity": 1.0,
  "lambda_0.5_si_mean": 0.8656829290244603,
  "lambda_0.5_si_std": 0.010505700926106,
  "lambda_0.5_reward_mean": 107.26623531281476,
  "lambda_0.5_reward_std": 26.109892904174448,
  "lambda_0.5_diversity": 1.0,
  "lambda_0.75_si_mean": 0.8643288905735057,
  "lambda_0.75_si_std": 0.017641181167288543,
  "lambda_0.75_reward_mean": 92.15934638013098,
  "lambda_0.75_reward_std": 16.696041508982404,
  "lambda_0.75_diversity": 1.0,
  "lambda_1.0_si_mean": 0.8581542084802057,
  "lambda_1.0_si_std": 0.03336248227362732,
  "lambda_1.0_reward_mean": 80.83858856080244,
  "lambda_1.0_reward_std": 12.351619546752557,
  "lambda_1.0_diversity": 1.0
}