{
  "fee_rates": [
    0.0,
    0.001,
    0.002,
    0.005,
    0.01
  ],
  "fee_0.0_diverse": 48.00816237124732,
  "fee_0.0_homogeneous": 52.809267591840374,
  "fee_0.0_random": 9.108645997648795,
  "fee_0.0_oracle": 31.13550688451004,
  "fee_0.001_diverse": 47.75582903791399,
  "fee_0.001_homogeneous": 52.809267591840374,
  "fee_0.001_random": 8.648645997648796,
  "fee_0.001_oracle": 31.12750688451004,
  "fee_0.002_diverse": 47.503495704580665,
  "fee_0.002_homogeneous": 52.809267591840374,
  "fee_0.002_random": 8.188645997648797,
  "fee_0.002_oracle": 31.11950688451005,
  "fee_0.005_diverse": 46.74649570458066,
  "fee_0.005_homogeneous": 52.809267591840374,
  "fee_0.005_random": 6.808645997648796,
  "fee_0.005_oracle": 31.095506884510048,
  "fee_0.01_diverse": 45.48482903791399,
  "fee_0.01_homogeneous": 52.809267591840374,
  "fee_0.01_random": 4.508645997648796,
  "fee_0.01_oracle": 31.05550688451005,
  "diverse_switches_mean": 252.33333333333334,
  "random_switches_mean": 460.0
}