{
  "diverse_train": [
    489.11490661146394,
    465.25442018474615,
    488.81519951318586,
    435.33731057498755,
    435.3157887626576
  ],
  "diverse_test": [
    120.46509372307854,
    119.9416818148546,
    85.73282490493874,
    36.64170738543989,
    44.5257384941431
  ],
  "homogeneous_train": [
    436.95423085486476,
    436.95423085486476,
    436.95423085486476,
    436.95423085486476,
    436.95423085486476
  ],
  "homogeneous_test": [
    156.17540677274818,
    156.17540677274818,
    156.17540677274818,
    156.17540677274818,
    156.17540677274818
  ],
  "random_train": [
    80.77876126439558,
    87.08250356570016,
    66.48295170904457,
    78.4802912996145,
    68.3581698258788
  ],
  "random_test": [
    18.114553783617783,
    33.331375397905745,
    20.731822586511623,
    29.991186517094953,
    28.627859140943794
  ],
  "si_train": [
    0.8792803397110389,
    0.879280339711039,
    0.879280339711039,
    0.879280339711039,
    0.8792803397110389
  ],
  "si_test": [
    0.8792803397110389,
    0.879280339711039,
    0.879280339711039,
    0.879280339711039,
    0.8792803397110389
  ],
  "diversity": [
    1.0,
    1.0,
    1.0,
    1.0,
    1.0
  ]
}