{
  "diverse_train": [
    134.96016066755786,
    137.13277632407062,
    95.13242404590622,
    87.63608899959694,
    223.90443761634685,
    193.83237887213105,
    189.45387214280098,
    146.91155251331574,
    180.29619122984266,
    184.18974855676825
  ],
  "diverse_test": [
    28.229793553666013,
    37.69282401023651,
    14.620885135320657,
    29.84544968196447,
    61.86633174541497,
    48.828290276931014,
    38.531874072506284,
    39.25389224224276,
    31.436688895253916,
    46.09147402815697
  ],
  "homogeneous_train": [
    205.67265713963576,
    205.67265713963576,
    205.67265713963576,
    205.67265713963576,
    205.67265713963576,
    205.67265713963576,
    205.67265713963576,
    205.67265713963576,
    205.67265713963576,
    205.67265713963576
  ],
  "homogeneous_test": [
    69.08167517813969,
    69.08167517813969,
    69.08167517813969,
    69.08167517813969,
    69.08167517813969,
    69.08167517813969,
    69.08167517813969,
    69.08167517813969,
    69.08167517813969,
    69.08167517813969
  ],
  "random_train": [
    24.259212503266404,
    22.747178993430445,
    24.760174583026515,
    27.952005941989693,
    29.078402667778697,
    19.816678002103014,
    27.330148295579576,
    40.32799343555602,
    32.27094574797737,
    28.56985347649328
  ],
  "random_test": [
    2.5403930877095244,
    8.967981383106236,
    9.134069792466315,
    10.411219587527723,
    12.154613006163943,
    10.079866736111176,
    8.006327427443951,
    6.9307813966352985,
    13.911009559007809,
    17.735033072327518
  ],
  "si_train": [
    0.8792800882859066,
    0.8791048160163614,
    0.8722450651179449,
    0.8792800882859066,
    0.8792800882859068,
    0.8792800882889286,
    0.8792800882859066,
    0.8792800882822285,
    0.8792800882859066,
    0.8791290006560288
  ],
  "si_test": [
    0.8792800882859066,
    0.8791048160163614,
    0.8722450651179449,
    0.8792800882859066,
    0.8792800882859068,
    0.8792800882889286,
    0.8792800882859066,
    0.8792800882822285,
    0.8792800882859066,
    0.8791290006560288
  ],
  "diversity": [
    1.0,
    1.0,
    1.0,
    1.0,
    1.0,
    1.0,
    1.0,
    1.0,
    1.0,
    1.0
  ]
}